{"cameraMode":{"drawMode":0,"name":"Shaded","section":"Shading Mode"},"sceneLighting":true,"audioPlay":false,"sceneViewState":{"m_AlwaysRefresh":false,"showFog":true,"showSkybox":true,"showFlares":true,"showImageEffects":true,"showParticleSystems":true,"showVisualEffectGraphs":true,"m_FxEnabled":true},"in2DMode":false,"pivot":{"x":2.9958810806274416,"y":-7.275243759155273,"z":0.12901818752288819},"rotation":{"x":-0.6906332969665527,"y":0.025037439540028573,"z":-0.02415628544986248,"w":-0.7224294543266296},"size":11.57875919342041,"orthographic":false}